,all_awardings,author,author_flair_type,author_fullname,author_premium,body,body_sha1,controversiality,created_utc,distinguished,edited,gender,gildings,id,is_submitter,link_id,parent_id,permalink,retrieved_utc,score,status,subreddit,subreddit_id,subreddit_name_prefixed,subreddit_type,updated_body
231710,[],DRoseLeftKnee,text,t2_300fv9ga,False,Sheâ€™s a dumb whore dude sheâ€™s literally with Brendan how much more proof you need,d1eb52b70366232f3b416eb2616e49c88b15031b,1.0,1643227917.0,,False,both,{},huc9rhl,False,t3_sddb6u,t1_huc0k0r,/r/thefighterandthekid/comments/sddb6u/brendons_a_waking_l/huc9rhl/,1643227934.0,3.0,1648766300,thefighterandthekid,t5_347fo,r/thefighterandthekid,public,Sheâ€™s a dumb whore dude sheâ€™s literally with Brendan how much more proof you need
249417,[],YummyCoupleCom,text,t2_py319w3,False,"ğŸ™‹ I'm Lilly https://fans.ly/r/yummycouple ğŸ‘ˆ my VIP account, there's ALL of me .... see you! - I also ran another one for me and all my cum slut friends ğŸ‘‰ğŸ» https://fans.ly/r/cumsluts - creators get free promo!",7fee6ed8edbb8af1d786aeda40b49ddd0b46bf29,0.0,1643428852.0,,False,female,{},huofr4n,True,t3_sf9drq,t3_sf9drq,/r/JustFansly/comments/sf9drq/your_cum_slut_on_fansly_no_ppv_vip_yummycouple/huofr4n/,1643428867.0,1.0,1648790200,JustFansly,t5_4xhd68,r/JustFansly,public,"ğŸ™‹ I'm Lilly https://fans.ly/r/yummycouple ğŸ‘ˆ my VIP account, there's ALL of me .... see you! - I also ran another one for me and all my cum slut friends ğŸ‘‰ğŸ» https://fans.ly/r/cumsluts - creators get free promo!"
46557,[],selenaBox,text,t2_dak4qpso,False,"*Sexting* ğŸ¤³ğŸ¼ğŸ’¦
(Includes photos, live videos during the session. I show face)  




ğŸ’–(Kiki/Snapchat/Telegram) @*selenabox*

2.$ per minute 





*Cam shows*ğŸ¥ğŸ˜

ğŸ’–(Skype/Snapchat/Telegram) @*selenabox*

5 minute minimum
 
4$ Per Minute







*GFE*
It is the best experience It includes photos videos And sexting includes my face: .ğŸ‘©â€â¤ï¸â€ğŸ‘¨ğŸ‘©â€â¤ï¸â€ğŸ’‹





ğŸ’– (Kik/Snapchat/Telegram) @*selenabox*




| 1Day 80$ |
3Days 180$ |
1 Week 250$ |
1 Month 350$ |




*Pics &amp; Vids*: Customs Pics &amp; Vids (Same Day Dilivery)

ğŸ’–(Telegram/Kik) @*selenabox*





PICsğŸ’¦ğŸ’‹ 

ğŸ¥°10 pics 20$
ğŸ¥°20pics 30$
ğŸ¥°30pics 40$








Blowjobs With my toy, spit, eye contact and Deepthroat I'll show you how slut I am. 
Custom vid ğŸ¥ğŸ˜

4$ per Minute





SPH (small penis humillation) 




SQUIRTING ğŸ’¦ğŸ’¦ I will show you my multiple orgasms and squirt for you. 





Blowjobs  With my toy, spit, eye contact and Deepthroat I'll show you how slut I am. 



ROLEPLAY

CUCKOLD.

FETISHES 




( Spit play, Period play, ignore, lingerie, piss play, Body writing, Moan your name, ). 





âš ï¸*IMPORTANT*âš ï¸ 

* No poop ğŸ’© 
* No vomit ğŸ¤® 
* No ass mount ğŸ‘ğŸ¼
* No bestialityğŸ¤šğŸ»


*Payment methods* ğŸ’µğŸ’Œ

-paypal.
-Cashapp 
-Zelle
-Venmo",3a10fc41f84b3f6a8e608f4becfe6d817bca64f2,0.0,1641424349.0,,False,female,{},hrf473w,True,t3_rwzlev,t3_rwzlev,/r/Sexsells/comments/rwzlev/available_for_you_baby_i_cam_make_you_cum_in_the/hrf473w/,1641424364.0,1.0,1648561098,Sexsells,t5_3122l,r/Sexsells,public,"*Sexting* ğŸ¤³ğŸ¼ğŸ’¦
(Includes photos, live videos during the session. I show face)  




ğŸ’–(Kiki/Snapchat/Telegram) @*selenabox*

2.$ per minute 





*Cam shows*ğŸ¥ğŸ˜

ğŸ’–(Skype/Snapchat/Telegram) @*selenabox*

5 minute minimum
 
4$ Per Minute







*GFE*
It is the best experience It includes photos videos And sexting includes my face: .ğŸ‘©â€â¤ï¸â€ğŸ‘¨ğŸ‘©â€â¤ï¸â€ğŸ’‹





ğŸ’– (Kik/Snapchat/Telegram) @*selenabox*




| 1Day 80$ |
3Days 180$ |
1 Week 250$ |
1 Month 350$ |




*Pics & Vids*: Customs Pics & Vids (Same Day Dilivery)

ğŸ’–(Telegram/Kik) @*selenabox*





PICsğŸ’¦ğŸ’‹ 

ğŸ¥°10 pics 20$
ğŸ¥°20pics 30$
ğŸ¥°30pics 40$








Blowjobs With my toy, spit, eye contact and Deepthroat I'll show you how slut I am. 
Custom vid ğŸ¥ğŸ˜

4$ per Minute





SPH (small penis humillation) 




SQUIRTING ğŸ’¦ğŸ’¦ I will show you my multiple orgasms and squirt for you. 





Blowjobs  With my toy, spit, eye contact and Deepthroat I'll show you how slut I am. 



ROLEPLAY

CUCKOLD.

FETISHES 




( Spit play, Period play, ignore, lingerie, piss play, Body writing, Moan your name, ). 





âš ï¸*IMPORTANT*âš ï¸ 

* No poop ğŸ’© 
* No vomit ğŸ¤® 
* No ass mount ğŸ‘ğŸ¼
* No bestialityğŸ¤šğŸ»


*Payment methods* ğŸ’µğŸ’Œ

-paypal.
-Cashapp 
-Zelle
-Venmo"
269856,[],Impeachcordial,text,t2_59meiruo,False,INFO: why didnâ€™t you shove the melon up your ass to show her your true slut powers?,eca1a88e194f6ab8d469d8acc841b04b386faafe,0.0,1643660488.0,,False,female,{},hv1f779,False,t3_sh203r,t1_hv09ghp,/r/AmITheAngel/comments/sh203r/aita_for_my_response_when_asked_why_are_you_still/hv1f779/,1643660500.0,21.0,1648810600,AmITheAngel,t5_u58f6,r/AmITheAngel,public,INFO: why didnâ€™t you shove the melon up your ass to show her your true slut powers?
169648,,AutoModerator,text,t2_6l4z3,True,"
#[Smash all sluts playing this adult game! Try out for free!](http://adult.hawhwhwaah.xyz)

#[Searching for some real sex? Find your slut, register here now!](http://dating.hawhwhwaah.xyz)

#[Do you like anime? Take a look here!](http://youtube.hawhwhwaah.xyz)


*I am a bot, and this action was performed automatically. Please [contact the moderators of this subreddit](/message/compose/?to=/r/SheIsNaughtyGirl) if you have any questions or concerns.*",9d18a4920ff7e0befe32a1bdefe6066000930aec,,1642581692.0,moderator,,none,,htanhto,False,t3_s7lnut,t3_s7lnut,/r/SheIsNaughtyGirl/comments/s7lnut/do_you_think_its_too_tight/htanhto/,1642581705.0,,ndr,SheIsNaughtyGirl,t5_5liq3n,r/SheIsNaughtyGirl,public,
8614,[],fatFIREhomesteader,text,t2_1alu1twx,False,A trick is something a whore does for money.,35e68523232942b65781d4735af9c816a6de3a5b,0.0,1641056579.0,,False,female,{},hqtmrrv,False,t3_rtfwrg,t1_hqsgvv1,/r/blackmagicfuckery/comments/rtfwrg/winrar_girl/hqtmrrv/,1641056594.0,1.0,1648520295,blackmagicfuckery,t5_3fn31,r/blackmagicfuckery,public,A trick is something a whore does for money.
86379,[],Alexbw0,text,t2_9b13wmgl,False,"Don't tell me what i have to do, you little cum slut! Bend over on your knees, my dick needs your warm tight asshole! Now, shut your mouth, i don't want to hear you scream or cry while i destroy your hole ! If i hear even a little noise coming from your mouth, i'll return you ans choke you till you can't make sound while i cum in your warm asshole then slide my dick in your wet and blowing pussy ! Don't even think to cum, if you do, i'll pinch your clit so hard, it certainly won't feel nothing anymore",b7b807ba7fd663bb14a81c83f9c35cea512d16b3,0.0,1641802796.0,,False,both,{},hs1ehg6,False,t3_s0bexb,t3_s0bexb,/r/rapefantasies/comments/s0bexb/please_dont_touch_me/hs1ehg6/,1641802808.0,3.0,1648611299,rapefantasies,t5_2todf,r/rapefantasies,public,"Don't tell me what i have to do, you little cum slut! Bend over on your knees, my dick needs your warm tight asshole! Now, shut your mouth, i don't want to hear you scream or cry while i destroy your hole ! If i hear even a little noise coming from your mouth, i'll return you ans choke you till you can't make sound while i cum in your warm asshole then slide my dick in your wet and blowing pussy ! Don't even think to cum, if you do, i'll pinch your clit so hard, it certainly won't feel nothing anymore"
103536,,AutoModerator,text,t2_6l4z3,True,"
#[Lay all sluts playing this 3D sex game! Try out for free!](http://adult.hawhawhawhaw.xyz)

#[Looking for some real life sex? Find your whore, register now!](http://dating.hawhawhawhaw.xyz)

#[If you like anime, Check out this channel](http://youtube.hawhawhawhaw.xyz)


*I am a bot, and this action was performed automatically. Please [contact the moderators of this subreddit](/message/compose/?to=/r/FuckHerHoles) if you have any questions or concerns.*",defc6c00c8e5320e01b30d247ceaaf5aac4adcc5,,1641970786.0,moderator,,none,,hsbjgja,False,t3_s1zxw7,t3_s1zxw7,/r/FuckHerHoles/comments/s1zxw7/blonde_sissy_takes_big_cock/hsbjgja/,1641970802.0,,ndr,FuckHerHoles,t5_5k67ng,r/FuckHerHoles,public,
159347,[],Strong_Ad_4351,text,t2_g9llyqgt,False,[Video](https://pornwtube.xyz/video/cute-asian-slut-in-glasses-gives-nice-blowjob-239.html),2dd76a5b49f762b76e8fc889316e255449ba8c55,0.0,1642473230.0,,False,none,{},ht4hjcx,True,t3_s6m9cr,t3_s6m9cr,/r/AsianGirlNSFW/comments/s6m9cr/cute_asian_slut_in_glasses_gives_nice_blowjob/ht4hjcx/,1642473248.0,2.0,1648684162,AsianGirlNSFW,t5_t95wr,r/AsianGirlNSFW,public,[Video](https://pornwtube.xyz/video/cute-asian-slut-in-glasses-gives-nice-blowjob-239.html)
245428,[],W1llF,richtext,t2_cdfvp,False,He looks like a complete cunt as well,f4f053886129e5bd6263fb7836a3fdf149c1016a,0.0,1643386203.0,,False,female,{},huliyou,False,t3_se7jqk,t1_hulh1o7,/r/soccer/comments/se7jqk/daily_discussion/huliyou/,1643386213.0,1.0,1648786199,soccer,t5_2qi58,r/soccer,public,He looks like a complete cunt as well
206977,[],goodtimez232,text,t2_5y9glp03,False,Respond slut,a13b68c7d037b79da47e5038598241861dfd0669,0.0,1642999650.0,,False,female,{},htzbxp0,False,t3_sbd2cx,t3_sbd2cx,/r/MisogynisticLife/comments/sbd2cx/teach_me_my_place_pretty_please/htzbxp0/,1642999660.0,1.0,1648741500,MisogynisticLife,t5_2whov9,r/MisogynisticLife,public,Respond slut
2776,[],ThreeLeggedLament,text,t2_avtk1hau,False,"Aww, yay!  I never get to meet another trans femme rape slut.  Someone needs to fill your lovely ass pronto",e80ba149a4ad58a623249079b2093b7d0a3762bf,0.0,1640991758.0,,False,female,{},hqqnin1,False,t3_rszya9,t3_rszya9,/r/consensualnonconsent/comments/rszya9/trans_mtf_its_a_shame_no_one_knows_they_could/hqqnin1/,1640991772.0,6.0,1648514393,consensualnonconsent,t5_2w98ll,r/consensualnonconsent,public,"Aww, yay!  I never get to meet another trans femme rape slut.  Someone needs to fill your lovely ass pronto"
254080,[],DigitalSword,text,t2_3j1n0g5k,False,"Cunt?  You know that's not a slur right?  It's just a generic universal insult like asshat or shithead.  [""... means ""a fool, a dolt, an unpleasant person â€“ of either sex"".](https://en.wikipedia.org/wiki/Cunt#As_a_term_of_abuse)",7da109b559893f4d9f4f8d07ad3a7dcae4e88a5e,0.0,1643489072.0,,False,none,{},huriuw8,False,t3_sfavkn,t1_huox75x,/r/WorkersStrikeBack/comments/sfavkn/we_do_not_tolerate_transphobia_on/huriuw8/,1643489084.0,1.0,1648794800,WorkersStrikeBack,t5_57y853,r/WorkersStrikeBack,public,"Cunt?  You know that's not a slur right?  It's just a generic universal insult like asshat or shithead.  [... means ""a fool, a dolt, an unpleasant person â€“ of either sex"".](https://en.wikipedia.org/wiki/Cunt#As_a_term_of_abuse)"
